date,brand,grid_model,ubm_system,ubm_url,n_pcs,component,item,config,count
2026-07-21,dell,E5430,Latitude E5430 non-vPro,https://www.userbenchmark.com/System/Dell-Latitude-E5430-non-vPro/3441,591,cpu,Core i5-3340M,,109
2026-07-21,dell,E5430,Latitude E5430 non-vPro,https://www.userbenchmark.com/System/Dell-Latitude-E5430-non-vPro/3441,591,cpu,Core i5-3210M,,104
2026-07-21,dell,E5430,Latitude E5430 non-vPro,https://www.userbenchmark.com/System/Dell-Latitude-E5430-non-vPro/3441,591,cpu,Core i5-3230M,,89
2026-07-21,dell,E5430,Latitude E5430 non-vPro,https://www.userbenchmark.com/System/Dell-Latitude-E5430-non-vPro/3441,591,cpu,Core i5-3320M,,78
2026-07-21,dell,E5430,Latitude E5430 non-vPro,https://www.userbenchmark.com/System/Dell-Latitude-E5430-non-vPro/3441,591,cpu,Core i3-3110M,,43
2026-07-21,dell,E5430,Latitude E5430 non-vPro,https://www.userbenchmark.com/System/Dell-Latitude-E5430-non-vPro/3441,591,ram,HMT351S6CFR8C-PB,1x4GB,17
2026-07-21,dell,E5430,Latitude E5430 non-vPro,https://www.userbenchmark.com/System/Dell-Latitude-E5430-non-vPro/3441,591,ram,HMT351S6CFR8C-PB,2x4GB,14
2026-07-21,dell,E5430,Latitude E5430 non-vPro,https://www.userbenchmark.com/System/Dell-Latitude-E5430-non-vPro/3441,591,ram,HMT351S6EFR8A-PB,1x4GB,10
2026-07-21,dell,E5430,Latitude E5430 non-vPro,https://www.userbenchmark.com/System/Dell-Latitude-E5430-non-vPro/3441,591,ram,HMT325S6CFR8C-PB,2x2GB,8
2026-07-21,dell,E5430,Latitude E5430 non-vPro,https://www.userbenchmark.com/System/Dell-Latitude-E5430-non-vPro/3441,591,ram,HMT351S6CFR8C-H9,2x4GB,8
2026-07-21,thinkpad,T480 / T480s / T580,Lenovo 20L5CTO1WW,https://www.userbenchmark.com/System/Lenovo-20L5CTO1WW/82775,134,cpu,Core i5-8250U,,50
2026-07-21,thinkpad,T480 / T480s / T580,Lenovo 20L5CTO1WW,https://www.userbenchmark.com/System/Lenovo-20L5CTO1WW/82775,134,cpu,Core i7-8550U,,49
2026-07-21,thinkpad,T480 / T480s / T580,Lenovo 20L5CTO1WW,https://www.userbenchmark.com/System/Lenovo-20L5CTO1WW/82775,134,cpu,Core i5-8350U,,21
2026-07-21,thinkpad,T480 / T480s / T580,Lenovo 20L5CTO1WW,https://www.userbenchmark.com/System/Lenovo-20L5CTO1WW/82775,134,cpu,Core i7-8650U,,14
2026-07-21,thinkpad,T480 / T480s / T580,Lenovo 20L5CTO1WW,https://www.userbenchmark.com/System/Lenovo-20L5CTO1WW/82775,134,ram,M471A1K43CB1-CRC,1x8GB,18
2026-07-21,thinkpad,T480 / T480s / T580,Lenovo 20L5CTO1WW,https://www.userbenchmark.com/System/Lenovo-20L5CTO1WW/82775,134,ram,M471A2K43CB1-CRC,1x16GB,14
2026-07-21,thinkpad,T480 / T480s / T580,Lenovo 20L5CTO1WW,https://www.userbenchmark.com/System/Lenovo-20L5CTO1WW/82775,134,ram,HMA81GS6AFR8N-UH,2x8GB,12
2026-07-21,thinkpad,T480 / T480s / T580,Lenovo 20L5CTO1WW,https://www.userbenchmark.com/System/Lenovo-20L5CTO1WW/82775,134,ram,HMA82GS6AFR8N-UH,2x16GB,9
2026-07-21,thinkpad,T480 / T480s / T580,Lenovo 20L5CTO1WW,https://www.userbenchmark.com/System/Lenovo-20L5CTO1WW/82775,134,ram,M471A2K43CB1-CRC,2x16GB,5
2026-07-21,thinkpad,T14 Gen 4 / T14s Gen 4 / T16 Gen 2 (AMD),Lenovo 21K30006US,https://www.userbenchmark.com/System/Lenovo-21K30006US/327194,1,cpu,Ryzen 7 7840U,,1
2026-07-21,thinkpad,T14 Gen 4 / T14s Gen 4 / T16 Gen 2 (AMD),Lenovo 21K30006US,https://www.userbenchmark.com/System/Lenovo-21K30006US/327194,1,ram,H58G56BK7BX068 (LPDDR5X die - soldered),4x4GB,1
2026-07-21,thinkpad,T14 Gen 4 / T14s Gen 4 / T16 Gen 2 (Intel),Lenovo 21HDCTO1WW,https://www.userbenchmark.com/System/Lenovo-21HDCTO1WW/310612,17,cpu,Core i7-1355U,,8
2026-07-21,thinkpad,T14 Gen 4 / T14s Gen 4 / T16 Gen 2 (Intel),Lenovo 21HDCTO1WW,https://www.userbenchmark.com/System/Lenovo-21HDCTO1WW/310612,17,cpu,Core i5-1335U,,7
2026-07-21,thinkpad,T14 Gen 4 / T14s Gen 4 / T16 Gen 2 (Intel),Lenovo 21HDCTO1WW,https://www.userbenchmark.com/System/Lenovo-21HDCTO1WW/310612,17,cpu,Core i7-1365U,,2
2026-07-21,thinkpad,T14 Gen 4 / T14s Gen 4 / T16 Gen 2 (Intel),Lenovo 21HDCTO1WW,https://www.userbenchmark.com/System/Lenovo-21HDCTO1WW/310612,17,ram,HMCG78AGBSA092N,1x16GB,3
2026-07-21,thinkpad,T14 Gen 4 / T14s Gen 4 / T16 Gen 2 (Intel),Lenovo 21HDCTO1WW,https://www.userbenchmark.com/System/Lenovo-21HDCTO1WW/310612,17,ram,M425R1GB4DB0-CWMOL + Micron MTC8C1084S1SC56BD1 (soldered+SODIMM),32GB,3
2026-07-21,thinkpad,T14 Gen 4 / T14s Gen 4 / T16 Gen 2 (Intel),Lenovo 21HDCTO1WW,https://www.userbenchmark.com/System/Lenovo-21HDCTO1WW/310612,17,ram,M425R1GB4DB0-CWMOL + Essencore KD5AGSA80-56G4600 (soldered+SODIMM),32GB,2
2026-07-21,thinkpad,T14 Gen 4 / T14s Gen 4 / T16 Gen 2 (Intel),Lenovo 21HDCTO1WW,https://www.userbenchmark.com/System/Lenovo-21HDCTO1WW/310612,17,ram,M425R1GB4DB0-CWMOL + M425R2GA3BB0-CWMOD (soldered+SODIMM),32GB,2
2026-07-21,thinkpad,T14 Gen 4 / T14s Gen 4 / T16 Gen 2 (Intel),Lenovo 21HDCTO1WW,https://www.userbenchmark.com/System/Lenovo-21HDCTO1WW/310612,17,ram,M425R1GB4DB0-CWMOL,1x16GB,2
2026-07-21,hp,820 G3 / 840 G3 / 850 G3,HP EliteBook 840 G3,https://www.userbenchmark.com/System/HP-EliteBook-840-G3/26044,,cpu,Core i5-6300U,,4069
2026-07-21,hp,820 G3 / 840 G3 / 850 G3,HP EliteBook 840 G3,https://www.userbenchmark.com/System/HP-EliteBook-840-G3/26044,,cpu,Core i7-6600U,,1087
2026-07-21,hp,820 G3 / 840 G3 / 850 G3,HP EliteBook 840 G3,https://www.userbenchmark.com/System/HP-EliteBook-840-G3/26044,,cpu,Core i5-6200U,,1044
2026-07-21,hp,820 G3 / 840 G3 / 850 G3,HP EliteBook 840 G3,https://www.userbenchmark.com/System/HP-EliteBook-840-G3/26044,,cpu,Core i7-6500U,,369
2026-07-21,hp,820 G3 / 840 G3 / 850 G3,HP EliteBook 840 G3,https://www.userbenchmark.com/System/HP-EliteBook-840-G3/26044,,cpu,Core i3-6100U,,17
2026-07-21,hp,820 G3 / 840 G3 / 850 G3,HP EliteBook 840 G3,https://www.userbenchmark.com/System/HP-EliteBook-840-G3/26044,,ram,HMA81GS6AFR8N-UH,1x8GB,824
2026-07-21,hp,820 G3 / 840 G3 / 850 G3,HP EliteBook 840 G3,https://www.userbenchmark.com/System/HP-EliteBook-840-G3/26044,,ram,M471A1K43CB1-CRC,1x8GB,816
2026-07-21,hp,820 G3 / 840 G3 / 850 G3,HP EliteBook 840 G3,https://www.userbenchmark.com/System/HP-EliteBook-840-G3/26044,,ram,M471A1K43BB0-CPB,1x8GB,311
2026-07-21,hp,820 G3 / 840 G3 / 850 G3,HP EliteBook 840 G3,https://www.userbenchmark.com/System/HP-EliteBook-840-G3/26044,,ram,HMA81GS6MFR8N-UH,1x8GB,311
2026-07-21,hp,820 G3 / 840 G3 / 850 G3,HP EliteBook 840 G3,https://www.userbenchmark.com/System/HP-EliteBook-840-G3/26044,,ram,M471A1K43BB1-CRC,1x8GB,266
2026-07-21,dell,5455,Dell Latitude 5455,https://www.userbenchmark.com/System/Dell-Latitude-5455/346396,0,note,ARM negative control — x86 client cannot run; empty stub page,,0
2026-07-21,thinkpad,T470 / T470s / T470p / T570,Lenovo 20HDCTO1WW,https://www.userbenchmark.com/System/Lenovo-20HDCTO1WW,73,cpu,Core i5-7200U,,31
2026-07-21,thinkpad,T470 / T470s / T470p / T570,Lenovo 20HDCTO1WW,https://www.userbenchmark.com/System/Lenovo-20HDCTO1WW,73,cpu,Core i7-7500U,,21
2026-07-21,thinkpad,T470 / T470s / T470p / T570,Lenovo 20HDCTO1WW,https://www.userbenchmark.com/System/Lenovo-20HDCTO1WW,73,cpu,Core i7-7600U,,11
2026-07-21,thinkpad,T470 / T470s / T470p / T570,Lenovo 20HDCTO1WW,https://www.userbenchmark.com/System/Lenovo-20HDCTO1WW,73,cpu,Core i5-7300U,,5
2026-07-21,thinkpad,T470 / T470s / T470p / T570,Lenovo 20HDCTO1WW,https://www.userbenchmark.com/System/Lenovo-20HDCTO1WW,73,ram,HMA81GS6AFR8N-UH,1x8GB,5
2026-07-21,thinkpad,T470 / T470s / T470p / T570,Lenovo 20HDCTO1WW,https://www.userbenchmark.com/System/Lenovo-20HDCTO1WW,73,ram,M471A1K43BB1-CRC,1x8GB,5
2026-07-21,thinkpad,T470 / T470s / T470p / T570,Lenovo 20HDCTO1WW,https://www.userbenchmark.com/System/Lenovo-20HDCTO1WW,73,ram,HMA82GS6AFR8N-UH,1x16GB,4
2026-07-21,thinkpad,T470 / T470s / T470p / T570,Lenovo 20HDCTO1WW,https://www.userbenchmark.com/System/Lenovo-20HDCTO1WW,73,ram,M471A1K43BB1-CRC,2x8GB,3
2026-07-21,thinkpad,X1 Carbon Gen 6,Lenovo 20KHCTO1WW,https://www.userbenchmark.com/System/Lenovo-20KHCTO1WW/80899,278,cpu,Core i7-8550U,,125
2026-07-21,thinkpad,X1 Carbon Gen 6,Lenovo 20KHCTO1WW,https://www.userbenchmark.com/System/Lenovo-20KHCTO1WW/80899,278,cpu,Core i7-8650U,,89
2026-07-21,thinkpad,X1 Carbon Gen 6,Lenovo 20KHCTO1WW,https://www.userbenchmark.com/System/Lenovo-20KHCTO1WW/80899,278,cpu,Core i5-8350U,,38
2026-07-21,thinkpad,X1 Carbon Gen 6,Lenovo 20KHCTO1WW,https://www.userbenchmark.com/System/Lenovo-20KHCTO1WW/80899,278,cpu,Core i5-8250U,,26
2026-07-21,thinkpad,X1 Carbon Gen 6,Lenovo 20KHCTO1WW,https://www.userbenchmark.com/System/Lenovo-20KHCTO1WW/80899,278,ram,K4EBE304EB-EGCG (LPDDR3 die - soldered),2x8GB,125
2026-07-21,thinkpad,X1 Carbon Gen 6,Lenovo 20KHCTO1WW,https://www.userbenchmark.com/System/Lenovo-20KHCTO1WW/80899,278,ram,MT52L1G32D4PG-093 (LPDDR3 die - soldered),2x8GB,78
2026-07-21,thinkpad,X1 Carbon Gen 6,Lenovo 20KHCTO1WW,https://www.userbenchmark.com/System/Lenovo-20KHCTO1WW/80899,278,ram,H9CCNNNCLGALAR-NVD (LPDDR3 die - soldered),2x8GB,39
2026-07-21,thinkpad,X1 Carbon Gen 6,Lenovo 20KHCTO1WW,https://www.userbenchmark.com/System/Lenovo-20KHCTO1WW/80899,278,ram,K4E6E304EB-EGCG (LPDDR3 die - soldered),2x4GB,25
2026-07-21,thinkpad,T440 / T440s / T440p / T540p,Lenovo 20AN0069US (T440p),https://www.userbenchmark.com/System/Lenovo-20AN0069US,104,cpu,Core i5-4200M,,77
2026-07-21,thinkpad,T440 / T440s / T440p / T540p,Lenovo 20AN0069US (T440p),https://www.userbenchmark.com/System/Lenovo-20AN0069US,104,cpu,Core i7-4700MQ (socket upgrade),,7
2026-07-21,thinkpad,T440 / T440s / T440p / T540p,Lenovo 20AN0069US (T440p),https://www.userbenchmark.com/System/Lenovo-20AN0069US,104,cpu,Core i7-4800MQ (socket upgrade),,5
2026-07-21,thinkpad,T440 / T440s / T440p / T540p,Lenovo 20AN0069US (T440p),https://www.userbenchmark.com/System/Lenovo-20AN0069US,104,ram,HMT451S6BFR8A-PB,2x4GB,6
2026-07-21,thinkpad,T440 / T440s / T440p / T540p,Lenovo 20AN0069US (T440p),https://www.userbenchmark.com/System/Lenovo-20AN0069US,104,ram,G.SKILL F3 DDR3 1600 C9 (aftermarket),2x8GB,5
2026-07-21,thinkpad,P51 / P71,Lenovo 20HHCTO1WW,https://www.userbenchmark.com/System/Lenovo-20HHCTO1WW/56582,192,cpu,Core i7-7700HQ,,85
2026-07-21,thinkpad,P51 / P71,Lenovo 20HHCTO1WW,https://www.userbenchmark.com/System/Lenovo-20HHCTO1WW/56582,192,cpu,Xeon E3-1505M v6,,63
2026-07-21,thinkpad,P51 / P71,Lenovo 20HHCTO1WW,https://www.userbenchmark.com/System/Lenovo-20HHCTO1WW/56582,192,cpu,Xeon E3-1535M v6,,22
2026-07-21,thinkpad,P51 / P71,Lenovo 20HHCTO1WW,https://www.userbenchmark.com/System/Lenovo-20HHCTO1WW/56582,192,cpu,Core i7-7820HQ,,22
2026-07-21,thinkpad,P51 / P71,Lenovo 20HHCTO1WW,https://www.userbenchmark.com/System/Lenovo-20HHCTO1WW/56582,192,ram,HMA82GS6AFR8N-UH,1x16GB,15
2026-07-21,thinkpad,P51 / P71,Lenovo 20HHCTO1WW,https://www.userbenchmark.com/System/Lenovo-20HHCTO1WW/56582,192,ram,M471A2K43CB1-CRC,2x16GB,14
2026-07-21,thinkpad,P51 / P71,Lenovo 20HHCTO1WW,https://www.userbenchmark.com/System/Lenovo-20HHCTO1WW/56582,192,ram,M474A2K43BB1-CRC (ECC),4x16GB,10
2026-07-21,dell,7480,Dell Latitude 7480,https://www.userbenchmark.com/System/Dell-Latitude-7480,,cpu,Core i7-7600U,,1417
2026-07-21,dell,7480,Dell Latitude 7480,https://www.userbenchmark.com/System/Dell-Latitude-7480,,cpu,Core i5-6300U (6th-gen SKU!),,1161
2026-07-21,dell,7480,Dell Latitude 7480,https://www.userbenchmark.com/System/Dell-Latitude-7480,,cpu,Core i5-7300U,,952
2026-07-21,dell,7480,Dell Latitude 7480,https://www.userbenchmark.com/System/Dell-Latitude-7480,,cpu,Core i7-6600U (6th-gen SKU!),,643
2026-07-21,dell,7480,Dell Latitude 7480,https://www.userbenchmark.com/System/Dell-Latitude-7480,,cpu,Core i5-7200U,,135
2026-07-21,dell,7480,Dell Latitude 7480,https://www.userbenchmark.com/System/Dell-Latitude-7480,,ram,HMA81GS6AFR8N-UH,1x8GB,705
2026-07-21,dell,7480,Dell Latitude 7480,https://www.userbenchmark.com/System/Dell-Latitude-7480,,ram,HMA81GS6AFR8N-UH,2x8GB,283
2026-07-21,dell,7480,Dell Latitude 7480,https://www.userbenchmark.com/System/Dell-Latitude-7480,,ram,HMA82GS6AFR8N-UH,1x16GB,195
2026-07-21,dell,E6540,Dell Latitude E6540,https://www.userbenchmark.com/System/Dell-Latitude-E6540/2201,,cpu,Core i7-4800MQ,,662
2026-07-21,dell,E6540,Dell Latitude E6540,https://www.userbenchmark.com/System/Dell-Latitude-E6540/2201,,cpu,Core i7-4810MQ,,597
2026-07-21,dell,E6540,Dell Latitude E6540,https://www.userbenchmark.com/System/Dell-Latitude-E6540/2201,,cpu,Core i7-4610M,,423
2026-07-21,dell,E6540,Dell Latitude E6540,https://www.userbenchmark.com/System/Dell-Latitude-E6540/2201,,cpu,Core i5-4310M,,298
2026-07-21,dell,E6540,Dell Latitude E6540,https://www.userbenchmark.com/System/Dell-Latitude-E6540/2201,,ram,HMT451S6BFR8A-PB,2x4GB,156
2026-07-21,dell,E6540,Dell Latitude E6540,https://www.userbenchmark.com/System/Dell-Latitude-E6540/2201,,ram,HMT41GS6BFR8A-PB,2x8GB,121
2026-07-21,hp,8460p / 8560p,HP EliteBook 8460p,https://www.userbenchmark.com/System/HP-EliteBook-8460p,,cpu,Core i5-2520M,,526
2026-07-21,hp,8460p / 8560p,HP EliteBook 8460p,https://www.userbenchmark.com/System/HP-EliteBook-8460p,,cpu,Core i5-2540M,,259
2026-07-21,hp,8460p / 8560p,HP EliteBook 8460p,https://www.userbenchmark.com/System/HP-EliteBook-8460p,,cpu,Core i7-2620M,,114
2026-07-21,hp,8460p / 8560p,HP EliteBook 8460p,https://www.userbenchmark.com/System/HP-EliteBook-8460p,,ram,(unlabeled),2x4GB,456
2026-07-21,hp,8460p / 8560p,HP EliteBook 8460p,https://www.userbenchmark.com/System/HP-EliteBook-8460p,,ram,(unlabeled) — confirms unofficial 16GB max,2x8GB,100
2026-07-21,hp,8570w / 8770w,HP EliteBook 8570w,https://www.userbenchmark.com/System/HP-EliteBook-8570w/1635,,cpu,Core i7-3720QM,,250
2026-07-21,hp,8570w / 8770w,HP EliteBook 8570w,https://www.userbenchmark.com/System/HP-EliteBook-8570w/1635,,cpu,Core i7-3740QM,,215
2026-07-21,hp,8570w / 8770w,HP EliteBook 8570w,https://www.userbenchmark.com/System/HP-EliteBook-8570w/1635,,cpu,Core i7-3630QM,,179
2026-07-21,hp,8570w / 8770w,HP EliteBook 8570w,https://www.userbenchmark.com/System/HP-EliteBook-8570w/1635,,cpu,Core i7-3820QM,,87
2026-07-21,hp,8570w / 8770w,HP EliteBook 8570w,https://www.userbenchmark.com/System/HP-EliteBook-8570w/1635,,ram,HMT351S6EFR8A-PB,2x4GB,23
2026-07-21,hp,8570w / 8770w,HP EliteBook 8570w,https://www.userbenchmark.com/System/HP-EliteBook-8570w/1635,,ram,16KTF1G64HZ-1G6E1,2x8GB,12
2026-07-21,thinkpad,X220,Lenovo 42912WG,https://www.userbenchmark.com/System/Lenovo-42912WG/9331,10,cpu,Core i5-2540M,,10
2026-07-21,thinkpad,X220,Lenovo 42912WG,https://www.userbenchmark.com/System/Lenovo-42912WG/9331,10,ram,ACR256X64D3S1333C9,2x2GB,2
2026-07-21,thinkpad,X220,Lenovo 42912WG,https://www.userbenchmark.com/System/Lenovo-42912WG/9331,10,ram,NT4GC64B8HG0NS-DI,1x4GB,1
2026-07-21,thinkpad,X220,Lenovo 42912WG,https://www.userbenchmark.com/System/Lenovo-42912WG/9331,10,ram,CM3X4GSD1066,2x4GB,1
2026-07-21,thinkpad,T460 / T460s / T460p / T560,Lenovo 20FNCTO1WW,https://www.userbenchmark.com/System/Lenovo-20FNCTO1WW/27285,30,cpu,Core i5-6200U,,15
2026-07-21,thinkpad,T460 / T460s / T460p / T560,Lenovo 20FNCTO1WW,https://www.userbenchmark.com/System/Lenovo-20FNCTO1WW/27285,30,cpu,Core i7-6600U,,8
2026-07-21,thinkpad,T460 / T460s / T460p / T560,Lenovo 20FNCTO1WW,https://www.userbenchmark.com/System/Lenovo-20FNCTO1WW/27285,30,cpu,Core i5-6300U,,5
2026-07-21,thinkpad,T460 / T460s / T460p / T560,Lenovo 20FNCTO1WW,https://www.userbenchmark.com/System/Lenovo-20FNCTO1WW/27285,30,ram,HMT451S6DFR8A-PB,2x4GB,6
2026-07-21,thinkpad,T460 / T460s / T460p / T560,Lenovo 20FNCTO1WW,https://www.userbenchmark.com/System/Lenovo-20FNCTO1WW/27285,30,ram,M471B1G73EB0-YK0 + 16KTF2G64HZ-1G6A1,24GB,3
2026-07-21,thinkpad,T460 / T460s / T460p / T560,Lenovo 20FNCTO1WW,https://www.userbenchmark.com/System/Lenovo-20FNCTO1WW/27285,30,ram,16KTF2G64HZ-1G6A1,2x16GB,2
2026-07-21,thinkpad,T490 / T490s / T495 / T590,Lenovo 20N2CTO1WW,https://www.userbenchmark.com/System/Lenovo-20N2CTO1WW,67,cpu,Core i7-8565U,,43
2026-07-21,thinkpad,T490 / T490s / T495 / T590,Lenovo 20N2CTO1WW,https://www.userbenchmark.com/System/Lenovo-20N2CTO1WW,67,cpu,Core i7-8665U,,12
2026-07-21,thinkpad,T490 / T490s / T495 / T590,Lenovo 20N2CTO1WW,https://www.userbenchmark.com/System/Lenovo-20N2CTO1WW,67,cpu,Core i5-8265U,,9
2026-07-21,thinkpad,T490 / T490s / T495 / T590,Lenovo 20N2CTO1WW,https://www.userbenchmark.com/System/Lenovo-20N2CTO1WW,67,ram,M471A2G44AM0-CTD,1x16GB,7
2026-07-21,thinkpad,T490 / T490s / T495 / T590,Lenovo 20N2CTO1WW,https://www.userbenchmark.com/System/Lenovo-20N2CTO1WW,67,ram,M471A1K43BB1-CTD + M471A1K43DB1-CTD (soldered+SODIMM),16GB,6
2026-07-21,thinkpad,T490 / T490s / T495 / T590,Lenovo 20N2CTO1WW,https://www.userbenchmark.com/System/Lenovo-20N2CTO1WW,67,ram,M471A1K43BB1-CTD + M471A4G43MB1-CTD (soldered+SODIMM),39GB,5
2026-07-21,thinkpad,T14 Gen 1 / T14s Gen 1 / T15 (AMD),Lenovo 20UDCTO1WW,https://www.userbenchmark.com/System/Lenovo-20UDCTO1WW/196990,38,cpu,Ryzen 7 PRO 4750U,,26
2026-07-21,thinkpad,T14 Gen 1 / T14s Gen 1 / T15 (AMD),Lenovo 20UDCTO1WW,https://www.userbenchmark.com/System/Lenovo-20UDCTO1WW/196990,38,cpu,Ryzen 5 PRO 4650U,,12
2026-07-21,thinkpad,T14 Gen 1 / T14s Gen 1 / T15 (AMD),Lenovo 20UDCTO1WW,https://www.userbenchmark.com/System/Lenovo-20UDCTO1WW/196990,38,ram,M471A2G44AM0-CWE,1x16GB,6
2026-07-21,thinkpad,T14 Gen 1 / T14s Gen 1 / T15 (AMD),Lenovo 20UDCTO1WW,https://www.userbenchmark.com/System/Lenovo-20UDCTO1WW/196990,38,ram,HMAB2GS6AMR6N-XN + Micron 8ATF2G64HZ (soldered+SODIMM),32GB,4
2026-07-21,thinkpad,T14 Gen 1 / T14s Gen 1 / T15 (AMD),Lenovo 20UDCTO1WW,https://www.userbenchmark.com/System/Lenovo-20UDCTO1WW/196990,38,ram,4ATS2G64HZ-3G2B1 + CT16G4SFD832A (soldered+SODIMM),32GB,4
2026-07-21,thinkpad,X1 Carbon Gen 9,Lenovo 20XWCTO1WW,https://www.userbenchmark.com/System/Lenovo-20XWCTO1WW,206,cpu,Core i7-1185G7,,93
2026-07-21,thinkpad,X1 Carbon Gen 9,Lenovo 20XWCTO1WW,https://www.userbenchmark.com/System/Lenovo-20XWCTO1WW,206,cpu,Core i7-1165G7,,89
2026-07-21,thinkpad,X1 Carbon Gen 9,Lenovo 20XWCTO1WW,https://www.userbenchmark.com/System/Lenovo-20XWCTO1WW,206,cpu,Core i5-1135G7,,16
2026-07-21,thinkpad,X1 Carbon Gen 9,Lenovo 20XWCTO1WW,https://www.userbenchmark.com/System/Lenovo-20XWCTO1WW,206,ram,HCNNNFAMMLXR-NEE (LPDDR4x die - soldered),8x4GB,92
2026-07-21,thinkpad,X1 Carbon Gen 9,Lenovo 20XWCTO1WW,https://www.userbenchmark.com/System/Lenovo-20XWCTO1WW,206,ram,53E2G32D4NQ-046 (LPDDR4x die - soldered),8x4GB,46
2026-07-21,thinkpad,X1 Carbon Gen 9,Lenovo 20XWCTO1WW,https://www.userbenchmark.com/System/Lenovo-20XWCTO1WW,206,ram,53E1G32D2NP-046 (LPDDR4x die - soldered),8x2GB,26
2026-07-21,thinkpad,E480 / E580 / E485 / E585,Lenovo 20KNCTO1WW,https://www.userbenchmark.com/System/Lenovo-20KNCTO1WW/77088,75,cpu,Core i7-8550U,,45
2026-07-21,thinkpad,E480 / E580 / E485 / E585,Lenovo 20KNCTO1WW,https://www.userbenchmark.com/System/Lenovo-20KNCTO1WW/77088,75,cpu,Core i5-8250U,,26
2026-07-21,thinkpad,E480 / E580 / E485 / E585,Lenovo 20KNCTO1WW,https://www.userbenchmark.com/System/Lenovo-20KNCTO1WW/77088,75,cpu,Core i5-7200U (early SKU?),,3
2026-07-21,thinkpad,E480 / E580 / E485 / E585,Lenovo 20KNCTO1WW,https://www.userbenchmark.com/System/Lenovo-20KNCTO1WW/77088,75,ram,HMA81GS6AFR8N-UH,1x8GB,10
2026-07-21,thinkpad,E480 / E580 / E485 / E585,Lenovo 20KNCTO1WW,https://www.userbenchmark.com/System/Lenovo-20KNCTO1WW/77088,75,ram,M471A1K43CB1-CRC,2x8GB,7
2026-07-21,thinkpad,E480 / E580 / E485 / E585,Lenovo 20KNCTO1WW,https://www.userbenchmark.com/System/Lenovo-20KNCTO1WW/77088,75,ram,KF3200C20S4/16G (aftermarket),2x16GB,4
2026-07-21,thinkpad,P52 / P72 / P52s,Lenovo 20M9CTO1WW,https://www.userbenchmark.com/System/Lenovo-20M9CTO1WW,230,cpu,Xeon E-2176M,,89
2026-07-21,thinkpad,P52 / P72 / P52s,Lenovo 20M9CTO1WW,https://www.userbenchmark.com/System/Lenovo-20M9CTO1WW,230,cpu,Core i7-8850H,,73
2026-07-21,thinkpad,P52 / P72 / P52s,Lenovo 20M9CTO1WW,https://www.userbenchmark.com/System/Lenovo-20M9CTO1WW,230,cpu,Core i7-8750H,,68
2026-07-21,thinkpad,P52 / P72 / P52s,Lenovo 20M9CTO1WW,https://www.userbenchmark.com/System/Lenovo-20M9CTO1WW,230,ram,M471A1K43CB1-CTD + Micron 18ASF2G72HZ ECC,24GB,32
2026-07-21,thinkpad,P52 / P72 / P52s,Lenovo 20M9CTO1WW,https://www.userbenchmark.com/System/Lenovo-20M9CTO1WW,230,ram,M474A2K43BB1-CTD (ECC),2x16GB,16
2026-07-21,thinkpad,P52 / P72 / P52s,Lenovo 20M9CTO1WW,https://www.userbenchmark.com/System/Lenovo-20M9CTO1WW,230,ram,M471A4G43MB1-CTD,2x32GB,13
2026-07-21,thinkpad,X1 Extreme Gen 2,Lenovo 20QVCTO1WW,https://www.userbenchmark.com/System/Lenovo-20QVCTO1WW/153890,334,cpu,Core i7-9750H,,260
2026-07-21,thinkpad,X1 Extreme Gen 2,Lenovo 20QVCTO1WW,https://www.userbenchmark.com/System/Lenovo-20QVCTO1WW/153890,334,cpu,Core i9-9880H,,52
2026-07-21,thinkpad,X1 Extreme Gen 2,Lenovo 20QVCTO1WW,https://www.userbenchmark.com/System/Lenovo-20QVCTO1WW/153890,334,cpu,Core i7-9850H,,13
2026-07-21,thinkpad,X1 Extreme Gen 2,Lenovo 20QVCTO1WW,https://www.userbenchmark.com/System/Lenovo-20QVCTO1WW/153890,334,ram,M471A4G43MB1-CTD,2x32GB,40
2026-07-21,thinkpad,X1 Extreme Gen 2,Lenovo 20QVCTO1WW,https://www.userbenchmark.com/System/Lenovo-20QVCTO1WW/153890,334,ram,RMSA3300ME78HBF-2666,2x16GB,33
2026-07-21,thinkpad,X1 Extreme Gen 2,Lenovo 20QVCTO1WW,https://www.userbenchmark.com/System/Lenovo-20QVCTO1WW/153890,334,ram,HMA81GS6JJR8N-VK,2x8GB,20
2026-07-21,dell,E6420,Dell Latitude E6420,https://www.userbenchmark.com/System/Dell-Latitude-E6420,,cpu,Core i5-2520M,,1087
2026-07-21,dell,E6420,Dell Latitude E6420,https://www.userbenchmark.com/System/Dell-Latitude-E6420,,cpu,Core i5-2540M,,310
2026-07-21,dell,E6420,Dell Latitude E6420,https://www.userbenchmark.com/System/Dell-Latitude-E6420,,cpu,Core i7-2640M,,207
2026-07-21,dell,E6420,Dell Latitude E6420,https://www.userbenchmark.com/System/Dell-Latitude-E6420,,ram,M471B5273DH0-CH9,2x4GB,77
2026-07-21,dell,E6420,Dell Latitude E6420,https://www.userbenchmark.com/System/Dell-Latitude-E6420,,ram,HMT351S6CFR8C-H9,2x4GB,68
2026-07-21,dell,E7440,Dell Latitude E7440,https://www.userbenchmark.com/System/Dell-Latitude-E7440/1470,,cpu,Core i7-4600U,,870
2026-07-21,dell,E7440,Dell Latitude E7440,https://www.userbenchmark.com/System/Dell-Latitude-E7440/1470,,cpu,Core i5-4310U,,768
2026-07-21,dell,E7440,Dell Latitude E7440,https://www.userbenchmark.com/System/Dell-Latitude-E7440/1470,,cpu,Core i5-4300U,,458
2026-07-21,dell,E7440,Dell Latitude E7440,https://www.userbenchmark.com/System/Dell-Latitude-E7440/1470,,ram,HMT451S6BFR8A-PB,2x4GB,136
2026-07-21,dell,E7440,Dell Latitude E7440,https://www.userbenchmark.com/System/Dell-Latitude-E7440/1470,,ram,M471B1G73DB0-YK0,1x8GB,85
2026-07-21,dell,5480,Dell Latitude 5480,https://www.userbenchmark.com/System/Dell-Latitude-5480,,cpu,Core i5-6300U,,834
2026-07-21,dell,5480,Dell Latitude 5480,https://www.userbenchmark.com/System/Dell-Latitude-5480,,cpu,Core i5-7300U,,741
2026-07-21,dell,5480,Dell Latitude 5480,https://www.userbenchmark.com/System/Dell-Latitude-5480,,cpu,Core i7-7820HQ (quad HQ config),,551
2026-07-21,dell,5480,Dell Latitude 5480,https://www.userbenchmark.com/System/Dell-Latitude-5480,,cpu,Core i5-7200U,,418
2026-07-21,dell,5480,Dell Latitude 5480,https://www.userbenchmark.com/System/Dell-Latitude-5480,,ram,HMA81GS6AFR8N-UH,1x8GB,721
2026-07-21,dell,5480,Dell Latitude 5480,https://www.userbenchmark.com/System/Dell-Latitude-5480,,ram,HMA81GS6AFR8N-UH,2x8GB,203
2026-07-21,dell,7490,Dell Latitude 7490,https://www.userbenchmark.com/System/Dell-Latitude-7490/76979,,cpu,Core i7-8650U,,2755
2026-07-21,dell,7490,Dell Latitude 7490,https://www.userbenchmark.com/System/Dell-Latitude-7490/76979,,cpu,Core i5-8350U,,2026
2026-07-21,dell,7490,Dell Latitude 7490,https://www.userbenchmark.com/System/Dell-Latitude-7490/76979,,cpu,Core i5-8250U,,357
2026-07-21,dell,7490,Dell Latitude 7490,https://www.userbenchmark.com/System/Dell-Latitude-7490/76979,,ram,HMA81GS6AFR8N-UH,1x8GB,756
2026-07-21,dell,7490,Dell Latitude 7490,https://www.userbenchmark.com/System/Dell-Latitude-7490/76979,,ram,HMA81GS6AFR8N-UH,2x8GB,737
2026-07-21,dell,7490,Dell Latitude 7490,https://www.userbenchmark.com/System/Dell-Latitude-7490/76979,,ram,HMA82GS6AFR8N-UH,1x16GB,267
2026-07-21,dell,D630,Dell Latitude D630,https://www.userbenchmark.com/System/Dell-Latitude-D630,,cpu,Core2 Duo T7250,,16
2026-07-21,dell,D630,Dell Latitude D630,https://www.userbenchmark.com/System/Dell-Latitude-D630,,cpu,Core2 Duo T7500,,14
2026-07-21,dell,D630,Dell Latitude D630,https://www.userbenchmark.com/System/Dell-Latitude-D630,,cpu,Core2 Duo T7300,,5
2026-07-21,dell,D630,Dell Latitude D630,https://www.userbenchmark.com/System/Dell-Latitude-D630,,ram,(unlabeled),2x2GB,19
2026-07-21,dell,D630,Dell Latitude D630,https://www.userbenchmark.com/System/Dell-Latitude-D630,,ram,(unlabeled),2x1GB,15
2026-07-21,dell,5420,Dell Latitude 5420,https://www.userbenchmark.com/System/Dell-Latitude-5420/220778,,cpu,Core i5-1145G7,,2054
2026-07-21,dell,5420,Dell Latitude 5420,https://www.userbenchmark.com/System/Dell-Latitude-5420/220778,,cpu,Core i5-1135G7,,1786
2026-07-21,dell,5420,Dell Latitude 5420,https://www.userbenchmark.com/System/Dell-Latitude-5420/220778,,cpu,Core i7-1185G7,,1421
2026-07-21,dell,5420,Dell Latitude 5420,https://www.userbenchmark.com/System/Dell-Latitude-5420/220778,,ram,HMAA2GS6AJR8N-XN,1x16GB,1033
2026-07-21,dell,5420,Dell Latitude 5420,https://www.userbenchmark.com/System/Dell-Latitude-5420/220778,,ram,HMAA2GS6CJR8N-XN,1x16GB,753
2026-07-21,dell,5420,Dell Latitude 5420,https://www.userbenchmark.com/System/Dell-Latitude-5420/220778,,ram,M471A2G43BB2-CWE,1x16GB,310
2026-07-21,hp,8470p / 8570p,HP EliteBook 8470p,https://www.userbenchmark.com/System/HP-EliteBook-8470p,,cpu,Core i5-3320M,,673
2026-07-21,hp,8470p / 8570p,HP EliteBook 8470p,https://www.userbenchmark.com/System/HP-EliteBook-8470p,,cpu,Core i5-3360M,,214
2026-07-21,hp,8470p / 8570p,HP EliteBook 8470p,https://www.userbenchmark.com/System/HP-EliteBook-8470p,,cpu,Core i7-3520M,,151
2026-07-21,hp,8470p / 8570p,HP EliteBook 8470p,https://www.userbenchmark.com/System/HP-EliteBook-8470p,,ram,HMT351S6EFR8A-PB,2x4GB,33
2026-07-21,hp,8470p / 8570p,HP EliteBook 8470p,https://www.userbenchmark.com/System/HP-EliteBook-8470p,,ram,8KTF51264HZ-1G6E1,1x4GB,23
2026-07-21,hp,830 G5 / 840 G5 / 850 G5,HP EliteBook 840 G5,https://www.userbenchmark.com/System/HP-EliteBook-840-G5/72244,,cpu,Core i5-8350U,,2361
2026-07-21,hp,830 G5 / 840 G5 / 850 G5,HP EliteBook 840 G5,https://www.userbenchmark.com/System/HP-EliteBook-840-G5/72244,,cpu,Core i7-8650U,,919
2026-07-21,hp,830 G5 / 840 G5 / 850 G5,HP EliteBook 840 G5,https://www.userbenchmark.com/System/HP-EliteBook-840-G5/72244,,cpu,Core i5-8250U,,813
2026-07-21,hp,830 G5 / 840 G5 / 850 G5,HP EliteBook 840 G5,https://www.userbenchmark.com/System/HP-EliteBook-840-G5/72244,,ram,HMA81GS6AFR8N-UH,1x8GB,367
2026-07-21,hp,830 G5 / 840 G5 / 850 G5,HP EliteBook 840 G5,https://www.userbenchmark.com/System/HP-EliteBook-840-G5/72244,,ram,M471A2K43CB1-CTD,1x16GB,247
2026-07-21,hp,440 G5 / 450 G5,HP ProBook 450 G5,https://www.userbenchmark.com/System/HP-ProBook-450-G5,,cpu,Core i5-8250U,,1178
2026-07-21,hp,440 G5 / 450 G5,HP ProBook 450 G5,https://www.userbenchmark.com/System/HP-ProBook-450-G5,,cpu,Core i7-8550U,,798
2026-07-21,hp,440 G5 / 450 G5,HP ProBook 450 G5,https://www.userbenchmark.com/System/HP-ProBook-450-G5,,cpu,Core i5-7200U (7th-gen SKU),,99
2026-07-21,hp,440 G5 / 450 G5,HP ProBook 450 G5,https://www.userbenchmark.com/System/HP-ProBook-450-G5,,cpu,Core i3-7100U (7th-gen SKU),,69
2026-07-21,hp,440 G5 / 450 G5,HP ProBook 450 G5,https://www.userbenchmark.com/System/HP-ProBook-450-G5,,ram,HMA81GS6AFR8N-UH,1x8GB,160
2026-07-21,hp,440 G5 / 450 G5,HP ProBook 450 G5,https://www.userbenchmark.com/System/HP-ProBook-450-G5,,ram,M471A1K43CB1-CRC,1x8GB,102
2026-07-21,hp,ZBook 15 G3 / 17 G3,HP ZBook 15 G3,https://www.userbenchmark.com/System/HP-ZBook-15-G3/25567,,cpu,Core i7-6820HQ,,2005
2026-07-21,hp,ZBook 15 G3 / 17 G3,HP ZBook 15 G3,https://www.userbenchmark.com/System/HP-ZBook-15-G3/25567,,cpu,Core i7-6700HQ,,948
2026-07-21,hp,ZBook 15 G3 / 17 G3,HP ZBook 15 G3,https://www.userbenchmark.com/System/HP-ZBook-15-G3/25567,,cpu,Xeon E3-1505M v5,,350
2026-07-21,hp,ZBook 15 G3 / 17 G3,HP ZBook 15 G3,https://www.userbenchmark.com/System/HP-ZBook-15-G3/25567,,ram,M471A1K43CB1-CRC,2x8GB,243
2026-07-21,hp,ZBook 15 G3 / 17 G3,HP ZBook 15 G3,https://www.userbenchmark.com/System/HP-ZBook-15-G3/25567,,ram,HMA82GS6AFR8N-UH,1x16GB,134
2026-07-21,thinkpad,X270,Lenovo 20HNCTO1WW,https://www.userbenchmark.com/System/Lenovo-20HNCTO1WW,11,cpu,Core i7-7500U,,4
2026-07-21,thinkpad,X270,Lenovo 20HNCTO1WW,https://www.userbenchmark.com/System/Lenovo-20HNCTO1WW,11,cpu,Core i5-7200U,,3
2026-07-21,thinkpad,X270,Lenovo 20HNCTO1WW,https://www.userbenchmark.com/System/Lenovo-20HNCTO1WW,11,cpu,Core i5-7300U,,2
2026-07-21,thinkpad,X270,Lenovo 20HNCTO1WW,https://www.userbenchmark.com/System/Lenovo-20HNCTO1WW,11,ram,HMA82GS6AFR8N-UH,1x16GB,4
2026-07-21,thinkpad,X270,Lenovo 20HNCTO1WW,https://www.userbenchmark.com/System/Lenovo-20HNCTO1WW,11,ram,HMA81GS6AFR8N-UH,1x8GB,2
2026-07-21,thinkpad,X280,Lenovo 20KFCTO1WW,https://www.userbenchmark.com/System/Lenovo-20KFCTO1WW/83952,10,cpu,Core i7-8650U,,5
2026-07-21,thinkpad,X280,Lenovo 20KFCTO1WW,https://www.userbenchmark.com/System/Lenovo-20KFCTO1WW/83952,10,cpu,Core i5-8250U,,2
2026-07-21,thinkpad,X280,Lenovo 20KFCTO1WW,https://www.userbenchmark.com/System/Lenovo-20KFCTO1WW/83952,10,ram,(onboard - soldered),2x8GB,8
2026-07-21,thinkpad,X280,Lenovo 20KFCTO1WW,https://www.userbenchmark.com/System/Lenovo-20KFCTO1WW/83952,10,ram,(onboard - soldered),2x4GB,2
2026-07-21,thinkpad,T450 / T450s / T550,Lenovo 20BV000BUS,https://www.userbenchmark.com/System/Lenovo-20BV000BUS,36,cpu,Core i5-4300U (Haswell early SKU!),,36
2026-07-21,thinkpad,T450 / T450s / T550,Lenovo 20BV000BUS,https://www.userbenchmark.com/System/Lenovo-20BV000BUS,36,ram,M471B5173EB0-YK0,2x4GB,2
2026-07-21,thinkpad,T450 / T450s / T550,Lenovo 20BV000BUS,https://www.userbenchmark.com/System/Lenovo-20BV000BUS,36,ram,RMT3170ME68F9F1600,1x4GB,3
2026-07-21,thinkpad,X390 / X395,Lenovo 20Q0CTO1WW,https://www.userbenchmark.com/System/Lenovo-20Q0CTO1WW/142954,11,cpu,Core i5-8265U,,6
2026-07-21,thinkpad,X390 / X395,Lenovo 20Q0CTO1WW,https://www.userbenchmark.com/System/Lenovo-20Q0CTO1WW/142954,11,cpu,Core i7-8565U,,4
2026-07-21,thinkpad,X390 / X395,Lenovo 20Q0CTO1WW,https://www.userbenchmark.com/System/Lenovo-20Q0CTO1WW/142954,11,ram,4ATS1G64HZ-2G6E1 (CURIOSITY: retail part despite soldered spec — review),2x8GB,3
2026-07-21,thinkpad,X390 / X395,Lenovo 20Q0CTO1WW,https://www.userbenchmark.com/System/Lenovo-20Q0CTO1WW/142954,11,ram,M471A1K43BB1-CTD (same curiosity),2x8GB,3
2026-07-21,dell,E5470,Dell Latitude E5470,https://www.userbenchmark.com/System/Dell-Latitude-E5470,,cpu,Core i5-6300U,,1504
2026-07-21,dell,E5470,Dell Latitude E5470,https://www.userbenchmark.com/System/Dell-Latitude-E5470,,cpu,Core i7-6820HQ (quad HQ config),,541
2026-07-21,dell,E5470,Dell Latitude E5470,https://www.userbenchmark.com/System/Dell-Latitude-E5470,,cpu,Core i5-6440HQ (quad HQ config),,540
2026-07-21,dell,E5470,Dell Latitude E5470,https://www.userbenchmark.com/System/Dell-Latitude-E5470,,cpu,Core i5-6200U,,419
2026-07-21,dell,E5470,Dell Latitude E5470,https://www.userbenchmark.com/System/Dell-Latitude-E5470,,ram,HMA41GS6AFR8N-TF,1x8GB,632
2026-07-21,dell,E5470,Dell Latitude E5470,https://www.userbenchmark.com/System/Dell-Latitude-E5470,,ram,HMA41GS6AFR8N-TF,2x8GB,116
2026-07-21,dell,7280,Dell Latitude 7280,https://www.userbenchmark.com/System/Dell-Latitude-7280/51446,,cpu,Core i5-6300U,,450
2026-07-21,dell,7280,Dell Latitude 7280,https://www.userbenchmark.com/System/Dell-Latitude-7280/51446,,cpu,Core i5-7300U,,447
2026-07-21,dell,7280,Dell Latitude 7280,https://www.userbenchmark.com/System/Dell-Latitude-7280/51446,,cpu,Core i7-7600U,,366
2026-07-21,dell,7280,Dell Latitude 7280,https://www.userbenchmark.com/System/Dell-Latitude-7280/51446,,cpu,Core i7-6600U,,209
2026-07-21,dell,7280,Dell Latitude 7280,https://www.userbenchmark.com/System/Dell-Latitude-7280/51446,,ram,HMA81GS6AFR8N-UH,1x8GB,344
2026-07-21,dell,7280,Dell Latitude 7280,https://www.userbenchmark.com/System/Dell-Latitude-7280/51446,,ram,HMA82GS6AFR8N-UH,1x16GB,143
2026-07-21,hp,2570p,HP EliteBook 2570p,https://www.userbenchmark.com/System/HP-EliteBook-2570p,,cpu,Core i7-3520M,,160
2026-07-21,hp,2570p,HP EliteBook 2570p,https://www.userbenchmark.com/System/HP-EliteBook-2570p,,cpu,Core i5-3320M,,113
2026-07-21,hp,2570p,HP EliteBook 2570p,https://www.userbenchmark.com/System/HP-EliteBook-2570p,,cpu,Core i5-3360M,,73
2026-07-21,hp,2570p,HP EliteBook 2570p,https://www.userbenchmark.com/System/HP-EliteBook-2570p,,ram,HMT351S6EFR8A-PB,2x4GB,12
2026-07-21,hp,2570p,HP EliteBook 2570p,https://www.userbenchmark.com/System/HP-EliteBook-2570p,,ram,RMT3160ED58E9W1600,2x4GB,7
2026-07-21,hp,Studio G3 / G4,HP ZBook Studio G3,https://www.userbenchmark.com/System/HP-ZBook-Studio-G3/24414,,cpu,Core i7-6820HQ,,417
2026-07-21,hp,Studio G3 / G4,HP ZBook Studio G3,https://www.userbenchmark.com/System/HP-ZBook-Studio-G3/24414,,cpu,Core i7-6700HQ,,308
2026-07-21,hp,Studio G3 / G4,HP ZBook Studio G3,https://www.userbenchmark.com/System/HP-ZBook-Studio-G3/24414,,cpu,Xeon E3-1505M v5,,174
2026-07-21,hp,Studio G3 / G4,HP ZBook Studio G3,https://www.userbenchmark.com/System/HP-ZBook-Studio-G3/24414,,cpu,Xeon E3-1545M v5,,28
2026-07-21,hp,Studio G3 / G4,HP ZBook Studio G3,https://www.userbenchmark.com/System/HP-ZBook-Studio-G3/24414,,ram,M471A1K43CB1-CRC,2x8GB,64
2026-07-21,hp,Studio G3 / G4,HP ZBook Studio G3,https://www.userbenchmark.com/System/HP-ZBook-Studio-G3/24414,,ram,HMA82GS6AFR8N-UH,1x16GB,34
